<step title="Incoming Request" date="2025-11-06T00:10:57.175" instance="eff899" url="/api/publish?type=zip&amp;async=True" method="POST" type="request" pid="831,1,5" Accept="*/*" Host="devops-analyzer-api.scm.azurewebsites.net" User-Agent="AZURECLI/2.78.0 (DEB)" Accept-Encoding="gzip, deflate" Authorization="Bea..." Cache-Control="no-cache" Content-Type="application/octet-stream" Cookie="ARRAffinity=eff89978f5cf6bb0100ab5f0395c7a27d61f638450e8da07309cd08333b23017; ARRAffinitySameSite=eff89978f5cf6bb0100ab5f0395c7a27d61f638450e8da07309cd08333b23017" Content-Length="63662" x-ms-client-request-id="8df98fec-baa4-11f0-89f6-00155d9bf281" x-ms-artifact-checksum="bab2c82dfb7cfcc92ae2e0402226a6597fbef7b6792a68867aa04d32f133e2c0" X-ARR-LOG-ID="8df98fec-baa4-11f0-89f6-00155d9bf281" CLIENT-IP="189.217.201.110:56042" X-SITE-DEPLOYMENT-ID="devops-analyzer-api" WAS-DEFAULT-HOSTNAME="devops-analyzer-api.scm.azurewebsites.net" X-Forwarded-Proto="https" X-AppService-Proto="https" X-Forwarded-TlsVersion="1.3" X-WAWS-Unencoded-URL="/api/publish?type=zip&amp;async=True" X-Client-IP="189.217.201.110" X-Client-Port="56042" >
  <step title="OneDeploy" date="2025-11-06T00:10:57.547" >
    <step title="None repository commit" date="2025-11-06T00:10:57.567" >
      <step title="Commit id: dc79adeb-5e4e-45a2-a9c0-fb212a1feba2" date="2025-11-06T00:10:57.575" Message="N/A" AuthorName="N/A" AuthorEmail="N/A" /><!-- duration: 5ms -->
    </step><!-- duration: 17ms -->
    <step title="Starting PushDeployAsync" date="2025-11-06T00:10:57.591" /><!-- duration: 11ms -->
    <step title="Writing artifact to /tmp/zipdeploy/f9cd34cd-6bec-432a-9e8a-ce06ad8edcf9.zip" date="2025-11-06T00:10:57.628" >
      <step title="Writing multipart request body to /tmp/zipdeploy/f9cd34cd-6bec-432a-9e8a-ce06ad8edcf9.zip" date="2025-11-06T00:10:57.637" /><!-- duration: 12ms -->
    </step><!-- duration: 323ms -->
    <step title="Start deployment in the background" date="2025-11-06T00:10:57.984" >
      <step title="Acquiring Deployment Lock" date="2025-11-06T00:10:58.072" /><!-- duration: 18ms -->
      <step title="Acquired Deployment Lock" date="2025-11-06T00:10:58.181" /><!-- duration: 13ms -->
    </step><!-- duration: 408ms -->
  </step><!-- duration: 865ms -->
  <step title="Outgoing response" date="2025-11-06T00:10:58.452" type="response" statusCode="202" statusText="Accepted" /><!-- duration: 10ms -->
</step><!-- duration: 1297ms -->
