<step title="BackgroundTrace" date="2025-11-06T00:10:58.009" instance="eff899" url="/api/publish" method="POST" >
  <step title="Cleanup Xml Logs" date="2025-11-06T00:10:58.013" /><!-- duration: 12ms -->
  <step title="Creating temporary deployment - FetchDeploymentManager" date="2025-11-06T00:10:58.204" /><!-- duration: 18ms -->
  <step title="Creating temporary deployment" date="2025-11-06T00:10:58.232" /><!-- duration: 150ms -->
  <step title="Performing fetch based deployment" date="2025-11-06T00:10:58.555" >
    <step title="Cleaning up temp folders from previous zip deployments and extracting pushed zip file /tmp/zipdeploy/f9cd34cd-6bec-432a-9e8a-ce06ad8edcf9.zip (0.06 MB) to /tmp/zipdeploy/extracted" date="2025-11-06T00:10:59.926" >
      <step title="ChmodRecursive Process exited with total time taken in ms: 180" date="2025-11-06T00:11:00.277" /><!-- duration: 11ms -->
    </step><!-- duration: 378ms -->
    <step title="Deployment timer started" date="2025-11-06T00:11:02.328" >
      <step title="DeploymentManager.Deploy(id:dc79adeb-5e4e-45a2-a9c0-fb212a1feba2)" date="2025-11-06T00:11:02.337" >
        <step title="Collecting changeset information" date="2025-11-06T00:11:02.381" /><!-- duration: 94ms -->
        <step title="Updating submodules" date="2025-11-06T00:11:02.482" /><!-- duration: 1137ms -->
        <step title="Determining deployment builder" date="2025-11-06T00:11:04.117" >
          <step title="Builder is OneDeployBuilder" date="2025-11-06T00:11:04.226" /><!-- duration: 37ms -->
        </step><!-- duration: 150ms -->
        <step title="PreDeployment: context.CleanOutputPath False" date="2025-11-06T00:11:04.410" >
          <step title="PreDeployment: context.OutputPath /home/site/wwwroot" date="2025-11-06T00:11:04.856" >
            <step title="Building" date="2025-11-06T00:11:05.058" >
              <step title="Executing external process" date="2025-11-06T00:11:05.564" type="process" path="starter.sh" arguments="/opt/Kudu/Scripts/parallel_rsync.sh /tmp/zipdeploy/extracted /home/site/wwwroot 8 /tmp/ False False  " /><!-- duration: 4204ms -->
              <step title="Modified file to trigger a restart of the app container." date="2025-11-06T00:11:10.262" /><!-- duration: 4ms -->
              <step title="Skip function trigger and logicapp sync because function is not enabled." date="2025-11-06T00:11:10.270" /><!-- duration: 14ms -->
            </step><!-- duration: 5938ms -->
          </step><!-- duration: 6154ms -->
          <step title="Cleaning up temp files" date="2025-11-06T00:11:11.016" /><!-- duration: 5ms -->
          <step title="Cleaning up temp files" date="2025-11-06T00:11:11.037" /><!-- duration: 561ms -->
          <step title="Reloading status file with latest updates" date="2025-11-06T00:11:11.628" >
            <step title="WebHooksManager.PublishEventAsync: PostDeployment" date="2025-11-06T00:11:11.646" /><!-- duration: 91ms -->
          </step><!-- duration: 112ms -->
          <step title="Cleaning up temporary deployment - fetch deployment was successful" date="2025-11-06T00:11:11.747" /><!-- duration: 3ms -->
        </step><!-- duration: 7424ms -->
      </step><!-- duration: 9512ms -->
