<step title="Incoming Request" date="2025-11-06T00:20:31.134" instance="eff899" url="/api/publish?type=zip&amp;async=False" method="POST" type="request" pid="831,1,25" Accept="*/*" Host="devops-analyzer-api.scm.azurewebsites.net" User-Agent="AZURECLI/2.78.0 (DEB)" Accept-Encoding="gzip, deflate" Authorization="Bea..." Cache-Control="no-cache" Content-Type="application/octet-stream" Cookie="ARRAffinity=eff89978f5cf6bb0100ab5f0395c7a27d61f638450e8da07309cd08333b23017; ARRAffinitySameSite=eff89978f5cf6bb0100ab5f0395c7a27d61f638450e8da07309cd08333b23017" Content-Length="63662" x-ms-client-request-id="5cfbc6ec-baa6-11f0-89f6-00155d9bf281" x-ms-artifact-checksum="bab2c82dfb7cfcc92ae2e0402226a6597fbef7b6792a68867aa04d32f133e2c0" X-ARR-LOG-ID="5cfbc6ec-baa6-11f0-89f6-00155d9bf281" CLIENT-IP="189.217.201.110:56032" X-SITE-DEPLOYMENT-ID="devops-analyzer-api" WAS-DEFAULT-HOSTNAME="devops-analyzer-api.scm.azurewebsites.net" X-Forwarded-Proto="https" X-AppService-Proto="https" X-Forwarded-TlsVersion="1.3" X-WAWS-Unencoded-URL="/api/publish?type=zip&amp;async=False" X-Client-IP="189.217.201.110" X-Client-Port="56032" >
  <step title="OneDeploy" date="2025-11-06T00:20:31.515" >
    <step title="Starting PushDeployAsync" date="2025-11-06T00:20:31.676" /><!-- duration: 38ms -->
    <step title="Writing artifact to /tmp/zipdeploy/64190cbe-3987-4ff9-9eab-ffa7ea964bb3.zip" date="2025-11-06T00:20:31.837" >
      <step title="Writing multipart request body to /tmp/zipdeploy/64190cbe-3987-4ff9-9eab-ffa7ea964bb3.zip" date="2025-11-06T00:20:31.907" /><!-- duration: 50ms -->
    </step><!-- duration: 471ms -->
    <step title="Attempting to fetch target branch HEAD" date="2025-11-06T00:20:32.389" /><!-- duration: 49ms -->
    <step title="Acquiring Deployment Lock" date="2025-11-06T00:20:32.489" /><!-- duration: 41ms -->
    <step title="Acquired Deployment Lock" date="2025-11-06T00:20:32.730" /><!-- duration: 31ms -->
    <step title="Performing fetch based deployment" date="2025-11-06T00:20:32.852" >
      <step title="Creating temporary deployment" date="2025-11-06T00:20:32.901" /><!-- duration: 4762ms -->
      <step title="Releasing Deployment Lock" date="2025-11-06T00:20:39.230" /><!-- duration: 22ms -->
      <step title="Cleaning up temp folders from previous zip deployments and extracting pushed zip file /tmp/zipdeploy/64190cbe-3987-4ff9-9eab-ffa7ea964bb3.zip (0.06 MB) to /tmp/zipdeploy/extracted" date="2025-11-06T00:20:39.433" >
        <step title="ChmodRecursive Process exited with total time taken in ms: 113" date="2025-11-06T00:20:39.715" /><!-- duration: 37ms -->
      </step><!-- duration: 342ms -->
      <step title="None repository commit" date="2025-11-06T00:20:39.797" >
        <step title="Commit id: 2fc949c7-3af9-469b-abab-5d8062c10a83" date="2025-11-06T00:20:39.803" Message="OneDeploy" AuthorName="N/A" AuthorEmail="N/A" /><!-- duration: 6ms -->
      </step><!-- duration: 17ms -->
      <step title="Deployment timer started" date="2025-11-06T00:20:41.901" >
        <step title="DeploymentManager.Deploy(id:2fc949c7-3af9-469b-abab-5d8062c10a83)" date="2025-11-06T00:20:41.921" >
          <step title="Collecting changeset information" date="2025-11-06T00:20:42.001" /><!-- duration: 273ms -->
          <step title="Updating submodules" date="2025-11-06T00:20:42.306" /><!-- duration: 1440ms -->
          <step title="Determining deployment builder" date="2025-11-06T00:20:43.975" >
            <step title="Builder is OneDeployBuilder" date="2025-11-06T00:20:43.989" /><!-- duration: 4ms -->
          </step><!-- duration: 22ms -->
          <step title="PreDeployment: context.CleanOutputPath False" date="2025-11-06T00:20:44.074" >
            <step title="PreDeployment: context.OutputPath /home/site/wwwroot" date="2025-11-06T00:20:44.240" >
              <step title="Building" date="2025-11-06T00:20:44.592" >
                <step title="Executing external process" date="2025-11-06T00:20:45.554" type="process" path="starter.sh" arguments="/opt/Kudu/Scripts/parallel_rsync.sh /tmp/zipdeploy/extracted /home/site/wwwroot 8 /tmp/ False False  " >
                  <step title="Error occurred" date="2025-11-06T00:20:48.348" type="error" text="Deployment has been stopped due to SCM container restart. The restart can happen due to a management operation on site. Do not perform a management operation and a deployment operation in quick succession. Adding a small delay can help avoid any conflicts." /><!-- duration: 40ms -->
                  <step title="Killing external process" date="2025-11-06T00:20:48.410" 