﻿<?xml version="1.0" encoding="utf-8"?>
<deployment>
  <id>2fc949c7-3af9-469b-abab-5d8062c10a83</id>
  <author>N/A</author>
  <deployer>OneDeploy</deployer>
  <authorEmail>N/A</authorEmail>
  <message>OneDeploy</message>
  <progress></progress>
  <status>Failed</status>
  <statusText>Deployment has been stopped due to SCM container restart. The restart can happen due to a management operation on site. Do not perform a management operation and a deployment operation in quick succession. Adding a small delay can help avoid any conflicts.</statusText>
  <lastSuccessEndTime />
  <receivedTime>2025-11-06T00:20:42.1242242Z</receivedTime>
  <startTime>2025-11-06T00:20:43.8953034Z</startTime>
  <endTime>2025-11-06T00:38:06.4330449Z</endTime>
  <complete>True</complete>
  <is_temp>False</is_temp>
  <is_readonly>True</is_readonly>
  <buildSummary />
</deployment>